인기 페이지,클릭수,노출,CTR,게재 순위
https://www.moneysalary.com/,361,611,59.08%,4.32
https://www.moneysalary.com/calc/samsung-bonus,121,283,42.76%,3.75
https://www.moneysalary.com/salary-db/samsung-electronics,14,391,3.58%,3.56
https://www.moneysalary.com/tools/finance/bonus,7,18,38.89%,3.22
https://www.moneysalary.com/about,5,216,2.31%,1.63
https://www.moneysalary.com/calc/kia-bonus,4,39,10.26%,3.79
https://www.moneysalary.com/guides?q=%EB%B0%98%EA%B0%90%EA%B8%B0,4,11,36.36%,3.91
https://www.moneysalary.com/salary-db/hanwha-systems,3,32,9.38%,12.25
https://www.moneysalary.com/salary-db/bcg-korea,3,28,10.71%,5.75
https://www.moneysalary.com/salary-db/hanwha-general-ins,3,19,15.79%,18.16
https://www.moneysalary.com/salary-db/mbc,3,15,20%,15.6
https://www.moneysalary.com/salary-db/korea-midland-power,3,14,21.43%,14.64
https://www.moneysalary.com/en/guides/samsung-vs-hynix-employee-comparison,3,13,23.08%,4.62
https://www.moneysalary.com/salary-db/compare/tesla-vs-hyundai,3,4,75%,15.75
https://www.moneysalary.com/salary-db/sk-hynix,2,109,1.83%,3.21
https://www.moneysalary.com/salary-db/cj-oliveyoung,2,85,2.35%,7.02
https://www.moneysalary.com/salary/50800000,2,64,3.12%,1.95
https://www.moneysalary.com/calc/samsung-sdi-bonus,2,49,4.08%,5.84
https://www.moneysalary.com/salary-db/hana-bank,2,40,5%,2.77
https://www.moneysalary.com/salary-db/samsung-fire,2,31,6.45%,3.03
https://www.moneysalary.com/salary-db/samsung-heavy,2,29,6.9%,8.31
https://www.moneysalary.com/calc/sk-hynix-bonus,2,27,7.41%,5.93
https://www.moneysalary.com/salary-db/cosmax,2,27,7.41%,7.85
https://www.moneysalary.com/salary-db/megazone-cloud,2,27,7.41%,14.78
https://www.moneysalary.com/salary-db/samsung-seoul-hospital,2,21,9.52%,13.67
https://www.moneysalary.com/salary-db/lotte-wellfood,2,18,11.11%,6.67
https://www.moneysalary.com/salary-db/hyundai-autoever,2,17,11.76%,16.41
https://www.moneysalary.com/salary-db/kia,2,16,12.5%,2.25
https://www.moneysalary.com/salary-db/tckorea,2,12,16.67%,5.33
https://www.moneysalary.com/salary-db/orion,2,12,16.67%,5.42
https://www.moneysalary.com/salary-db/samsung-research,2,12,16.67%,20.25
https://www.moneysalary.com/salary-db/myrealtrip,2,11,18.18%,21.36
https://www.moneysalary.com/salary-db/musinsa,2,10,20%,8.5
https://www.moneysalary.com/salary-db/boryung,2,8,25%,14.25
https://www.moneysalary.com/salary-db/nongshim,2,6,33.33%,19
https://www.moneysalary.com/calc/hyundai-bonus,2,4,50%,3.75
https://www.moneysalary.com/salary-db,1,90,1.11%,12.53
https://www.moneysalary.com/en,1,54,1.85%,3.78
https://www.moneysalary.com/salary-db/samsung-sds,1,51,1.96%,3.39
https://www.moneysalary.com/salary/42000000,1,43,2.33%,2.09
https://www.moneysalary.com/salary-db/shinhan-bank,1,38,2.63%,2.08
https://www.moneysalary.com/salary-db/gs-enc,1,38,2.63%,8.34
https://www.moneysalary.com/salary-db/hyundai-mobis,1,33,3.03%,6.24
https://www.moneysalary.com/industry/consulting-accounting,1,28,3.57%,38.64
https://www.moneysalary.com/salary-db/sk-ecoplant,1,24,4.17%,10.71
https://www.moneysalary.com/salary-db/wonik-ips,1,23,4.35%,5.48
https://www.moneysalary.com/industry,1,22,4.55%,2.23
https://www.moneysalary.com/salary-db/hyundai-transys,1,21,4.76%,5.33
https://www.moneysalary.com/salary-db/hyundai-steel,1,19,5.26%,5.05
https://www.moneysalary.com/salary-db/pulmuone,1,17,5.88%,10.88
https://www.moneysalary.com/calc/hd-hyundai-bonus,1,17,5.88%,17.82
https://www.moneysalary.com/salary-db/hl-mando,1,14,7.14%,22.14
https://www.moneysalary.com/salary-db/meritz-securities,1,14,7.14%,22.93
https://www.moneysalary.com/salary-db/compare/hanwha-aerospace-vs-lig-nex1,1,13,7.69%,3
https://www.moneysalary.com/salary-db/samsung-life,1,13,7.69%,17.62
https://www.moneysalary.com/salary-db/samsung-medison,1,12,8.33%,10.58
https://www.moneysalary.com/salary-db/shinsegae-intl,1,12,8.33%,11.25
https://www.moneysalary.com/guides/samsung-vs-hynix-employee-comparison,1,12,8.33%,13.08
https://www.moneysalary.com/salary-db/lig-nex1,1,11,9.09%,7.09
https://www.moneysalary.com/salary-db/compare/sk-cc-vs-sendbird,1,11,9.09%,29.09
https://www.moneysalary.com/salary-db/ncsoft,1,11,9.09%,32
https://www.moneysalary.com/salary-db/compare/hyundai-vs-hyundai-mobis,1,10,10%,4.6
https://www.moneysalary.com/tools/finance/installment,1,10,10%,9.7
https://www.moneysalary.com/salary-db/dong-a-st,1,10,10%,18.3
https://www.moneysalary.com/salary-db/socar,1,10,10%,23.2
https://www.moneysalary.com/salary-db/lg-uplus,1,9,11.11%,19.67
https://www.moneysalary.com/salary-db/naver-webtoon,1,8,12.5%,4.25
https://www.moneysalary.com/salary-db/kt,1,8,12.5%,4.5
https://www.moneysalary.com/salary-db/smilegate,1,8,12.5%,4.88
https://www.moneysalary.com/salary-db/toss-bank,1,8,12.5%,5.62
https://www.moneysalary.com/salary-db/yanolja,1,8,12.5%,10.25
https://www.moneysalary.com/salary-db/samsung-asset,1,8,12.5%,13.25
https://www.moneysalary.com/salary-db/hanmi-pharm,1,8,12.5%,15.62
https://www.moneysalary.com/salary/73500000,1,7,14.29%,2.86
https://www.moneysalary.com/salary-db/daewoo-enc,1,7,14.29%,4.29
https://www.moneysalary.com/salary-db/kt-ds,1,7,14.29%,7.14
https://www.moneysalary.com/salary-db/lg-hnh,1,7,14.29%,9.71
https://www.moneysalary.com/job/marketer,1,7,14.29%,53.29
https://www.moneysalary.com/company/samsung-electronics,1,6,16.67%,2.83
https://www.moneysalary.com/salary-db/com2us,1,6,16.67%,13.83
https://www.moneysalary.com/salary-db/hugel,1,6,16.67%,23.17
https://www.moneysalary.com/salary-db/kolmar-bnh,1,6,16.67%,41.5
https://www.moneysalary.com/salary-db/housing-finance,1,5,20%,6.6
https://www.moneysalary.com/salary-db/kai,1,5,20%,17.8
https://www.moneysalary.com/salary-db/coupang-pay,1,5,20%,23.2
https://www.moneysalary.com/salary-db/huons,1,5,20%,23.2
https://www.moneysalary.com/salary-db/bespin-global,1,5,20%,32
https://www.moneysalary.com/job/frontend-developer,1,4,25%,2
https://www.moneysalary.com/salary-db/hanmi-semiconductor,1,4,25%,4.75
https://www.moneysalary.com/salary-db/daishin-securities,1,4,25%,5
https://www.moneysalary.com/salary-db/compare/hyundai-wia-vs-hl-mando,1,4,25%,6.5
https://www.moneysalary.com/salary-db/compare/lg-cns-vs-naver-webtoon,1,4,25%,7.25
https://www.moneysalary.com/salary-db/sk-gas,1,4,25%,38.5
https://www.moneysalary.com/salary-db/korea-southern-power,1,3,33.33%,6
https://www.moneysalary.com/salary-db/sk-square,1,3,33.33%,9
https://www.moneysalary.com/salary-db/samsung-card,1,3,33.33%,18
https://www.moneysalary.com/salary-db/goryeo-university-hospital,1,3,33.33%,26.33
https://www.moneysalary.com/salary-db/compare/shinsegae-vs-hyundai-dept,1,3,33.33%,41
https://www.moneysalary.com/salary-db/compare/etri-vs-komsco,1,2,50%,1.5
https://www.moneysalary.com/salary-db/koica,1,2,50%,2
https://www.moneysalary.com/salary-db/kbs,1,2,50%,2.5
https://www.moneysalary.com/industry/food-beverage,1,2,50%,3.5
https://www.moneysalary.com/salary-db/kt-research,1,2,50%,3.5
https://www.moneysalary.com/salary-db/compare/cosmax-vs-kolmar,1,2,50%,6.5
https://www.moneysalary.com/salary-db/compare/hana-bank-vs-nh-bank,1,2,50%,7.5
https://www.moneysalary.com/salary-db/kakao-enterprise,1,2,50%,10
https://www.moneysalary.com/salary-db/compare/samyang-foods-vs-dongsuh-foods,1,2,50%,31
https://www.moneysalary.com/salary-db/gs-retail,1,1,100%,1
https://www.moneysalary.com/guides/incentive-split-payout-2026,1,1,100%,2
https://www.moneysalary.com/salary-db/compare/asan-medical-center-vs-severance-hospital,1,1,100%,2
https://www.moneysalary.com/salary-db/compare/binggrae-vs-lotte-wellfood,1,1,100%,2
https://www.moneysalary.com/salary-db/compare/hanwha-solutions-vs-oci,1,1,100%,2
https://www.moneysalary.com/salary-db/compare/hyundai-rotem-vs-kai,1,1,100%,2
https://www.moneysalary.com/salary-db/compare/lx-semicon-vs-samsung-electronics,1,1,100%,2
https://www.moneysalary.com/salary-db/compare/netflix-vs-mbc,1,1,100%,2
https://www.moneysalary.com/salary-db/compare/skt-vs-kt-research,1,1,100%,2
https://www.moneysalary.com/salary-db/kb-insurance,1,1,100%,2
https://www.moneysalary.com/salary-db/compare/webzen-vs-gravity,1,1,100%,3
https://www.moneysalary.com/salary-db/compare/il-dong-pharma-vs-boryung-pharmaceutical,1,1,100%,4
https://www.moneysalary.com/salary-db/compare/netflix-vs-cheil-worldwide,1,1,100%,6
https://www.moneysalary.com/fire-calculator,1,1,100%,14
https://www.moneysalary.com/salary-db/compare/skt-vs-lg-uplus,1,1,100%,17
https://www.moneysalary.com/salary-db/kb-securities,1,1,100%,54
https://www.moneysalary.com/salary-db/hmm,0,66,0%,7.41
https://www.moneysalary.com/salary/49500000,0,54,0%,2.02
https://www.moneysalary.com/salary-db/daesang,0,53,0%,1.87
https://www.moneysalary.com/hub/career,0,52,0%,1.31
https://www.moneysalary.com/qna,0,48,0%,2.29
https://www.moneysalary.com/table/2026/monthly,0,48,0%,4.56
https://www.moneysalary.com/salary/83000000,0,46,0%,1.3
https://www.moneysalary.com/salary-db/sk-on,0,45,0%,3.44
https://www.moneysalary.com/salary-db/hanwha-aerospace,0,44,0%,5.45
https://www.moneysalary.com/salary-db/hd-hyundai-heavy,0,41,0%,5.59
https://www.moneysalary.com/guides,0,39,0%,1.38
https://www.moneysalary.com/salary-db/emart,0,35,0%,6.66
https://www.moneysalary.com/salary/19500000,0,33,0%,1.97
https://www.moneysalary.com/salary/88500000,0,32,0%,1.84
https://www.moneysalary.com/salary-db/dl-enc,0,32,0%,3.72
https://www.moneysalary.com/salary/88000000,0,31,0%,1.81
https://www.moneysalary.com/job/journalist,0,31,0%,2
https://www.moneysalary.com/salary/5500000,0,30,0%,1.13
https://www.moneysalary.com/salary/41500000,0,28,0%,1.39
https://www.moneysalary.com/salary-db/jyp-entertainment,0,28,0%,5.5
https://www.moneysalary.com/salary-db/kakao,0,28,0%,5.64
https://www.moneysalary.com/salary-db/11st,0,28,0%,15.43
https://www.moneysalary.com/salary-db/cj-logistics,0,27,0%,9.52
https://www.moneysalary.com/salary/74000000,0,26,0%,1.23
https://www.moneysalary.com/salary-db/yeogi,0,26,0%,4.5
https://www.moneysalary.com/salary-db/sk-innovation,0,26,0%,16.42
https://www.moneysalary.com/salary/50500000,0,25,0%,4.84
https://www.moneysalary.com/calc/posco-bonus,0,24,0%,3.75
https://www.moneysalary.com/calc/tip-calculator,0,22,0%,1.36
https://www.moneysalary.com/salary-db/compare/nvidia-vs-sk-hynix,0,22,0%,4.05
https://www.moneysalary.com/new-employee-salary-2026,0,22,0%,7.18
https://www.moneysalary.com/salary-db/accenture-korea,0,22,0%,7.18
https://www.moneysalary.com/salary-db/lnf,0,22,0%,7.5
https://www.moneysalary.com/salary-db/samyang-foods,0,22,0%,12.32
https://www.moneysalary.com/?tab=future,0,20,0%,1.65
https://www.moneysalary.com/salary-db/hybe,0,19,0%,2.89
https://www.moneysalary.com/salary-db/asiana,0,19,0%,4.84
https://www.moneysalary.com/salary-db/hyosung-heavy,0,19,0%,11.42
https://www.moneysalary.com/salary-db/hyundai-enc,0,19,0%,11.74
https://www.moneysalary.com/calc/naver-bonus,0,19,0%,14.63
https://www.moneysalary.com/salary/61500000,0,18,0%,1
https://www.moneysalary.com/salary-db/ohou,0,18,0%,3.39
https://www.moneysalary.com/salary-db/compare/samsung-display-vs-sk-hynix,0,18,0%,5.56
https://www.moneysalary.com/salary-db/samsung-engineering,0,18,0%,11.17
https://www.moneysalary.com/job/fund-manager,0,17,0%,2.88
https://www.moneysalary.com/salary-db/lotte-construction,0,17,0%,4.18
https://www.moneysalary.com/salary-db/sk-biopharm,0,17,0%,4.88
https://www.moneysalary.com/salary/44000000,0,17,0%,6.18
https://www.moneysalary.com/job/real-estate-agent,0,17,0%,7.06
https://www.moneysalary.com/salary/123000000,0,16,0%,2.38
https://www.moneysalary.com/salary/53000000,0,16,0%,5.31
https://www.moneysalary.com/salary/119000000,0,16,0%,5.38
https://www.moneysalary.com/salary/51500000,0,16,0%,5.5
https://www.moneysalary.com/salary-db/hyundai-rotem,0,16,0%,6.38
https://www.moneysalary.com/guides/samsung-wage-negotiation-2026,0,16,0%,7.19
https://www.moneysalary.com/salary/49000000,0,16,0%,7.62
https://www.moneysalary.com/salary-db/hanmi,0,15,0%,1.87
https://www.moneysalary.com/salary-db/samsung-cnt,0,15,0%,2.6
https://www.moneysalary.com/salary/24500000,0,15,0%,3.53
https://www.moneysalary.com/salary-db/kolon-industry,0,15,0%,5.13
https://www.moneysalary.com/salary/5000000,0,15,0%,5.93
https://www.moneysalary.com/guides/sk-hynix-wage-2026,0,15,0%,9.2
https://www.moneysalary.com/salary-db/ssg-dot-com,0,15,0%,11.87
https://www.moneysalary.com/salary-db/keti,0,15,0%,13.53
https://www.moneysalary.com/salary-db/kurly,0,15,0%,14.67
https://www.moneysalary.com/salary-db/compare/sk-hynix-vs-semes,0,14,0%,3
https://www.moneysalary.com/salary/160000000,0,14,0%,3.29
https://www.moneysalary.com/car-loan,0,14,0%,5.07
https://www.moneysalary.com/salary/54500000,0,14,0%,6.07
https://www.moneysalary.com/salary/56000000,0,14,0%,6.21
https://www.moneysalary.com/salary-db/meritz-fire,0,14,0%,6.71
https://www.moneysalary.com/salary/62500000,0,13,0%,1.85
https://www.moneysalary.com/salary/48500000,0,13,0%,1.92
https://www.moneysalary.com/social-insurance-rates-2026,0,13,0%,2.31
https://www.moneysalary.com/salary/40000000,0,13,0%,3.15
https://www.moneysalary.com/salary/47000000,0,13,0%,3.69
https://www.moneysalary.com/job/investment-banker,0,13,0%,5.46
https://www.moneysalary.com/salary-db/catholic-medical-center,0,13,0%,8.69
https://www.moneysalary.com/salary/12300-manwon,0,12,0%,1.83
https://www.moneysalary.com/salary-db/lf,0,12,0%,1.92
https://www.moneysalary.com/salary-db/ls-electric,0,12,0%,1.92
https://www.moneysalary.com/salary/100000000,0,12,0%,2.33
https://www.moneysalary.com/salary-db/nh-bank,0,12,0%,3.92
https://www.moneysalary.com/salary-db/handok,0,12,0%,4
https://www.moneysalary.com/salary-db/ktg,0,12,0%,4.08
https://www.moneysalary.com/calc/subscription-monthly,0,12,0%,4.67
https://www.moneysalary.com/salary-db/hkinon,0,12,0%,4.67
https://www.moneysalary.com/salary-db/compare/kakao-vs-samsung-sds,0,12,0%,4.83
https://www.moneysalary.com/salary/11000000,0,12,0%,5.08
https://www.moneysalary.com/salary-db/hd-hyundai-electric,0,12,0%,6.42
https://www.moneysalary.com/salary-db/sk-cc,0,12,0%,6.75
https://www.moneysalary.com/salary-db/hanwha-life,0,12,0%,7.67
https://www.moneysalary.com/salary-db/ytn,0,12,0%,9.17
https://www.moneysalary.com/salary-db/samsung-sdi,0,12,0%,10.92
https://www.moneysalary.com/calc/lg-energy-bonus,0,12,0%,11.42
https://www.moneysalary.com/salary-db/hyundai-engineering,0,12,0%,11.42
https://www.moneysalary.com/salary-db/naver-cloud,0,12,0%,11.83
https://www.moneysalary.com/salary-db/kdb,0,12,0%,14.92
https://www.moneysalary.com/salary-db/mckinsey-korea,0,12,0%,15.08
https://www.moneysalary.com/salary-db/kic,0,12,0%,31.58
https://www.moneysalary.com/salary-db/korea-zinc,0,11,0%,2.36
https://www.moneysalary.com/salary-db/compare/mckinsey-korea-vs-bain-korea,0,11,0%,2.73
https://www.moneysalary.com/job/nutritionist-dietitian,0,11,0%,2.82
https://www.moneysalary.com/salary-db/kepco-engineering,0,11,0%,3
https://www.moneysalary.com/salary-db/kakao-style,0,11,0%,3.82
https://www.moneysalary.com/salary-db/woori-bank,0,11,0%,3.82
https://www.moneysalary.com/guides/sk-hynix-employee-bonus-stock,0,11,0%,4.27
https://www.moneysalary.com/job/tax-accountant,0,11,0%,4.64
https://www.moneysalary.com/salary-db/semes,0,11,0%,5.55
https://www.moneysalary.com/salary/51000000,0,11,0%,6.27
https://www.moneysalary.com/salary-db/nano-materials,0,11,0%,7.09
https://www.moneysalary.com/salary-db/kcomwel,0,11,0%,8.36
https://www.moneysalary.com/salary/45500000,0,11,0%,8.64
https://www.moneysalary.com/table/2026/weekly,0,11,0%,9.09
https://www.moneysalary.com/salary-db/hd-hyundai,0,11,0%,10.64
https://www.moneysalary.com/salary-db/skc,0,11,0%,21.45
https://moneysalary.com/salary/54000000,0,10,0%,1.5
https://www.moneysalary.com/salary/170000000,0,10,0%,2
https://moneysalary.com/salary/55000000,0,10,0%,2.2
https://www.moneysalary.com/salary-db/skt,0,10,0%,3.4
https://www.moneysalary.com/salary-db/snt-motiv,0,10,0%,3.9
https://moneysalary.com/salary/60000000,0,10,0%,4
https://www.moneysalary.com/job/semiconductor-engineer,0,10,0%,4
https://www.moneysalary.com/salary-db/yuhan,0,10,0%,4.3
https://www.moneysalary.com/salary/19000000,0,10,0%,4.5
https://www.moneysalary.com/salary/43500000,0,10,0%,4.9
https://www.moneysalary.com/salary-db/sk-bioscience,0,10,0%,5.3
https://www.moneysalary.com/salary-db/ecopro-bm,0,10,0%,6
https://www.moneysalary.com/industry/large-conglomerate,0,10,0%,6.2
https://www.moneysalary.com/salary/93000000,0,10,0%,7.7
https://www.moneysalary.com/salary-db/soulbrain,0,10,0%,9.5
https://www.moneysalary.com/salary-db/hanwha-securities,0,10,0%,15.1
https://www.moneysalary.com/job/cpa,0,10,0%,48.8
https://moneysalary.com/?tab=severance,0,9,0%,1
https://www.moneysalary.com/salary-db/jeju-air,0,9,0%,2.22
https://www.moneysalary.com/salary-db/samsung-display,0,9,0%,2.22
https://www.moneysalary.com/salary-db/compare/hanwha-systems-vs-hanwha-aerospace,0,9,0%,2.44
https://www.moneysalary.com/salary-db/hankook-tire,0,9,0%,2.56
https://moneysalary.com/salary/85000000,0,9,0%,2.78
https://www.moneysalary.com/salary/10300,0,9,0%,2.78
https://www.moneysalary.com/job/game-developer,0,9,0%,3.11
https://www.moneysalary.com/table/annual,0,9,0%,3.22
https://www.moneysalary.com/salary/15000000,0,9,0%,5
https://www.moneysalary.com/salary-db/krafton,0,9,0%,5.11
https://www.moneysalary.com/salary-db/naver,0,9,0%,5.11
https://www.moneysalary.com/salary-db/nh-life,0,9,0%,5.78
https://www.moneysalary.com/job/clinical-researcher,0,9,0%,5.89
https://www.moneysalary.com/job/automotive-engineer,0,9,0%,6
https://www.moneysalary.com/calc,0,9,0%,6.67
https://www.moneysalary.com/salary-db/sk-planet,0,9,0%,6.78
https://www.moneysalary.com/calc/kakao-bonus,0,9,0%,7.11
https://www.moneysalary.com/salary-db/ebs-korea,0,9,0%,7.67
https://www.moneysalary.com/salary-db/hotel-shilla,0,9,0%,8
https://www.moneysalary.com/salary-db/class101,0,9,0%,8.11
https://www.moneysalary.com/salary-db/mirae-asset,0,9,0%,8.33
https://www.moneysalary.com/salary-db/db-hitek,0,9,0%,10.22
https://www.moneysalary.com/salary-db/thepinkfong-company,0,9,0%,11.78
https://www.moneysalary.com/salary-db/deloitte-anjin,0,9,0%,14.89
https://www.moneysalary.com/salary-db/neowiz,0,9,0%,15.22
https://www.moneysalary.com/salary-db/webzen,0,9,0%,15.78
https://www.moneysalary.com/salary-db/google,0,9,0%,16.33
https://www.moneysalary.com/salary-db/eugene-investment,0,9,0%,17.78
https://www.moneysalary.com/salary-db/chong-kun-dang,0,9,0%,21.33
https://www.moneysalary.com/salary-db/moloco,0,9,0%,21.67
https://www.moneysalary.com/salary-db/compare/hyundai-engineering-vs-hyundai-enc,0,9,0%,34.22
https://www.moneysalary.com/salary-db/compare/sk-ecoplant-vs-samsung-engineering,0,8,0%,2.12
https://www.moneysalary.com/salary-db/nh-securities,0,8,0%,3.38
https://www.moneysalary.com/salary-db/posco-future-m,0,8,0%,4.38
https://www.moneysalary.com/salary/50000000,0,8,0%,4.62
https://www.moneysalary.com/salary/52000000,0,8,0%,6.38
https://www.moneysalary.com/salary-db/korea-highway,0,8,0%,6.62
https://www.moneysalary.com/salary-db/classys,0,8,0%,9
https://www.moneysalary.com/salary-db/jtbc,0,8,0%,10.5
https://www.moneysalary.com/salary-db/nps,0,8,0%,11
https://www.moneysalary.com/salary-db/gm-korea,0,8,0%,11.38
https://www.moneysalary.com/salary-db/yg-entertainment,0,8,0%,12.88
https://www.moneysalary.com/salary-db/coway,0,8,0%,14.5
https://www.moneysalary.com/salary-db/hitejinro,0,8,0%,24.62
https://www.moneysalary.com/salary-db/kpmg-korea,0,8,0%,30.62
https://www.moneysalary.com/salary-db/lgelectronics,0,7,0%,1.29
https://www.moneysalary.com/unemployment-benefit,0,7,0%,1.43
https://moneysalary.com/?tab=freelancer,0,7,0%,1.71
https://www.moneysalary.com/salary-db/hanwha-solutions,0,7,0%,2.29
https://www.moneysalary.com/salary-db/hyundai-marine,0,7,0%,2.43
https://www.moneysalary.com/guides?q=4%EB%8C%80%EB%B3%B4%ED%97%98,0,7,0%,2.71
https://www.moneysalary.com/salary/46000000,0,7,0%,2.71
https://www.moneysalary.com/salary/62000000,0,7,0%,2.86
https://www.moneysalary.com/salary/30500000,0,7,0%,3
https://www.moneysalary.com/salary-db/sk-siltron,0,7,0%,3.29
https://www.moneysalary.com/salary/121000000,0,7,0%,3.43
https://www.moneysalary.com/salary-db/lee-international,0,7,0%,3.71
https://www.moneysalary.com/salary/65000000,0,7,0%,3.71
https://moneysalary.com/salary/37000000,0,7,0%,3.86
https://moneysalary.com/salary/43000000,0,7,0%,3.86
https://www.moneysalary.com/salary-db/bithumb,0,7,0%,4
https://www.moneysalary.com/salary-db/compare/samsung-cnt-vs-samsung-engineering,0,7,0%,4
https://www.moneysalary.com/salary-db/cj-olive-networks,0,7,0%,4.86
https://www.moneysalary.com/salary-db/osstem-implant,0,7,0%,5.29
https://www.moneysalary.com/salary-db/shinhan-life,0,7,0%,5.43
https://www.moneysalary.com/salary/53500000,0,7,0%,5.43
https://www.moneysalary.com/salary-db/credit-guarantee,0,7,0%,5.57
https://www.moneysalary.com/job/devops-engineer,0,7,0%,7.29
https://www.moneysalary.com/year-end-tax,0,7,0%,9.14
https://www.moneysalary.com/salary-db/nepes,0,7,0%,9.71
https://www.moneysalary.com/salary-db/jwpharm,0,7,0%,10.57
https://www.moneysalary.com/job,0,7,0%,10.71
https://www.moneysalary.com/salary-db/il-dong-pharma,0,7,0%,10.71
https://www.moneysalary.com/salary-db/douzone,0,7,0%,11.14
https://www.moneysalary.com/salary/66000000,0,7,0%,12
https://www.moneysalary.com/salary-db/mirae-asset-life,0,7,0%,13.57
https://www.moneysalary.com/salary-db/hanwha-momentum,0,7,0%,15.57
https://www.moneysalary.com/salary-db/kakaopay,0,7,0%,16.29
https://www.moneysalary.com/salary-db/bucketplace,0,7,0%,18.29
https://www.moneysalary.com/salary-db/lock-lock,0,7,0%,19.14
https://www.moneysalary.com/salary-db/bnk-financial,0,7,0%,21.14
https://www.moneysalary.com/salary-db/hira,0,7,0%,23.57
https://www.moneysalary.com/salary-db/hyosung-tnc,0,7,0%,25.14
https://www.moneysalary.com/salary-db/celltrion-pharm,0,7,0%,26
https://www.moneysalary.com/salary-db/db-insurance,0,7,0%,29.71
https://www.moneysalary.com/salary-db/kitech,0,7,0%,36.43
https://www.moneysalary.com/industry/finance-banking,0,7,0%,41.14
https://www.moneysalary.com/salary-db/dunamu,0,7,0%,50.86
https://www.moneysalary.com/salary-db/kepco-kps,0,6,0%,2
https://www.moneysalary.com/salary-db/kwangdong-pharm,0,6,0%,2.83
https://www.moneysalary.com/salary/176000000,0,6,0%,3.17
https://www.moneysalary.com/salary-db/hyundai-glovis,0,6,0%,3.33
https://www.moneysalary.com/salary-db/eo-technics,0,6,0%,3.5
https://www.moneysalary.com/salary-db/kakaobank,0,6,0%,3.5
https://www.moneysalary.com/salary-db/lgensol,0,6,0%,3.5
https://www.moneysalary.com/salary-db/naver-labs,0,6,0%,3.5
https://www.moneysalary.com/salary-db/sbs,0,6,0%,3.5
https://www.moneysalary.com/salary-db/kaia-space,0,6,0%,4.17
https://www.moneysalary.com/salary/130000000,0,6,0%,4.67
https://www.moneysalary.com/guides/samsung-employee-rsu-stock,0,6,0%,4.83
https://www.moneysalary.com/salary-db/shinhan-securities,0,6,0%,4.83
https://www.moneysalary.com/salary/33500000,0,6,0%,4.83
https://www.moneysalary.com/salary/34500000,0,6,0%,5.17
https://www.moneysalary.com/salary/180000000,0,6,0%,5.33
https://www.moneysalary.com/industry/it-software,0,6,0%,5.5
https://www.moneysalary.com/job/flight-attendant,0,6,0%,5.5
https://www.moneysalary.com/salary-db/im-securities,0,6,0%,5.5
https://www.moneysalary.com/calc/currency-converter,0,6,0%,6.17
https://www.moneysalary.com/calc/percent-of,0,6,0%,6.67
https://www.moneysalary.com/job/lawyer,0,6,0%,7.17
https://www.moneysalary.com/salary/195000000,0,6,0%,7.33
https://www.moneysalary.com/industry/semiconductor,0,6,0%,7.5
https://moneysalary.com/salary/24000000,0,6,0%,8
https://www.moneysalary.com/guides/samsung-hynix-2026-deepdive,0,6,0%,10
https://www.moneysalary.com/salary-db/bain-korea,0,6,0%,13
https://www.moneysalary.com/salary-db/lotte-data-comm,0,6,0%,15.83
https://www.moneysalary.com/salary-db/hanjin,0,6,0%,16.17
https://www.moneysalary.com/salary-db/posco-dx,0,6,0%,18.5
https://www.moneysalary.com/salary-db/hdc-hyundai,0,6,0%,19
https://www.moneysalary.com/industry/construction,0,6,0%,21.17
https://www.moneysalary.com/salary-db/sk-rent,0,6,0%,22
https://www.moneysalary.com/salary-db/cj-enm,0,6,0%,25
https://www.moneysalary.com/salary-db/oci,0,6,0%,26.83
https://www.moneysalary.com/salary-db/bgf-retail,0,6,0%,27.17
https://www.moneysalary.com/salary-db/lx-semicon,0,6,0%,30.33
https://www.moneysalary.com/salary-db/devsisters,0,6,0%,37
https://www.moneysalary.com/salary/48000000,0,5,0%,1.2
https://www.moneysalary.com/guides/tax-free-meal-commute-2026,0,5,0%,1.6
https://moneysalary.com/?tab=paystub,0,5,0%,1.8
https://www.moneysalary.com/salary-db/hana-micron,0,5,0%,1.8
https://www.moneysalary.com/job/dentist,0,5,0%,2
https://www.moneysalary.com/salary-db/korea-env-corp,0,5,0%,2
https://www.moneysalary.com/salary-db/samsung-securities,0,5,0%,2
https://www.moneysalary.com/salary/36000000,0,5,0%,2.2
https://www.moneysalary.com/salary-db/cjcheiljedang,0,5,0%,2.6
https://www.moneysalary.com/salary-db/innocean,0,5,0%,2.6
https://www.moneysalary.com/salary/21000000,0,5,0%,2.6
https://www.moneysalary.com/salary-db/dongkuk-steel,0,5,0%,2.8
https://www.moneysalary.com/salary-db/nhn,0,5,0%,2.8
https://www.moneysalary.com/salary-db/st-pharm,0,5,0%,2.8
https://www.moneysalary.com/salary/31500000,0,5,0%,2.8
https://www.moneysalary.com/salary-db/doosan-bobcat,0,5,0%,3
https://www.moneysalary.com/job/radiographer,0,5,0%,3.2
https://www.moneysalary.com/salary-db/kb-bank,0,5,0%,3.2
https://www.moneysalary.com/salary-db/samsung-electro-mechanics,0,5,0%,3.2
https://www.moneysalary.com/job/producer-director,0,5,0%,3.4
https://www.moneysalary.com/salary-db/netmarble,0,5,0%,3.6
https://www.moneysalary.com/salary-db/studio-dragon,0,5,0%,3.6
https://www.moneysalary.com/guides/four-major-insurance-complete,0,5,0%,3.8
https://www.moneysalary.com/job/actuary,0,5,0%,3.8
https://www.moneysalary.com/salary/67500000,0,5,0%,3.8
https://www.moneysalary.com/calc/lg-chem-bonus,0,5,0%,4
https://www.moneysalary.com/salary-db/ecopro,0,5,0%,4
https://www.moneysalary.com/job/veterinarian,0,5,0%,4.2
https://www.moneysalary.com/salary-db/skiet,0,5,0%,4.2
https://www.moneysalary.com/salary-db/maeil-dairy,0,5,0%,4.4
https://www.moneysalary.com/salary-db/ottogi,0,5,0%,4.4
https://www.moneysalary.com/salary-db/fnh,0,5,0%,4.8
https://www.moneysalary.com/salary-db/ls-cable,0,5,0%,4.8
https://www.moneysalary.com/salary-db/dongkook-pharm,0,5,0%,5.4
https://www.moneysalary.com/salary-db/naver-financial,0,5,0%,5.4
https://www.moneysalary.com/salary/78000000,0,5,0%,5.6
https://www.moneysalary.com/table/monthly,0,5,0%,5.6
https://www.moneysalary.com/salary/84000000,0,5,0%,5.8
https://moneysalary.com/salary/41000000,0,5,0%,6.2
https://www.moneysalary.com/salary-db/dongjin-semichem,0,5,0%,6.2
https://www.moneysalary.com/fun/worldcup,0,5,0%,6.6
https://www.moneysalary.com/job/physical-therapist,0,5,0%,8.4
https://www.moneysalary.com/salary-db/compare/samsung-engineering-vs-hyundai-engineering,0,5,0%,9.2
https://www.moneysalary.com/salary-db/microsoft,0,5,0%,9.4
https://www.moneysalary.com/salary-db/starbucks-korea,0,5,0%,9.4
https://moneysalary.com/salary/74000000,0,5,0%,9.8
https://www.moneysalary.com/salary-db/haitai-confectionery,0,5,0%,10.4
https://www.moneysalary.com/salary-db/compare/nps-vs-kamco,0,5,0%,10.8
https://www.moneysalary.com/salary-db/daewoong,0,5,0%,13
https://www.moneysalary.com/salary-db/lotte-mart,0,5,0%,14.4
https://www.moneysalary.com/salary-db/kiwoom,0,5,0%,16.6
https://www.moneysalary.com/salary-db/kakao-games,0,5,0%,22.2
https://www.moneysalary.com/salary-db/hanssem,0,5,0%,22.8
https://www.moneysalary.com/salary-db/alteogen,0,5,0%,23.8
https://www.moneysalary.com/salary-db/dongwon-fnb,0,5,0%,24
https://www.moneysalary.com/salary-db/compare/jb-financial-vs-sbi-savings-bank,0,5,0%,60
https://www.moneysalary.com/salary-db/compare/hd-hyundai-oilbank-vs-sk-gas,0,5,0%,64.4
https://www.moneysalary.com/job/game-designer,0,4,0%,1.75
https://www.moneysalary.com/salary-db/korea-western-power,0,4,0%,1.75
https://www.moneysalary.com/job/software-engineer,0,4,0%,2
https://www.moneysalary.com/salary-db/afreecatv,0,4,0%,2
https://www.moneysalary.com/salary-db/kepco,0,4,0%,2
https://www.moneysalary.com/salary-db/korea-east-west-power,0,4,0%,2
https://www.moneysalary.com/salary-db/korean-air,0,4,0%,2
https://www.moneysalary.com/salary-db/posco-eandc,0,4,0%,2
https://www.moneysalary.com/salary-db/seoul-national-university-hospital,0,4,0%,2
https://www.moneysalary.com/salary/76500000,0,4,0%,2
https://www.moneysalary.com/tools/finance/severance,0,4,0%,2
https://www.moneysalary.com/job/architect,0,4,0%,2.25
https://www.moneysalary.com/guides/unemployment-benefits-complete,0,4,0%,2.5
https://www.moneysalary.com/salary-db/doosan-robotics,0,4,0%,2.5
https://www.moneysalary.com/guides/social-insurance-reduction,0,4,0%,2.75
https://www.moneysalary.com/salary/28000000,0,4,0%,2.75
https://www.moneysalary.com/salary/29500000,0,4,0%,2.75
https://www.moneysalary.com/salary-db/compare/samsung-sds-vs-line-plus,0,4,0%,3
https://www.moneysalary.com/salary-db/line-plus,0,4,0%,3
https://www.moneysalary.com/salary/159000000,0,4,0%,3
https://www.moneysalary.com/salary/35000000,0,4,0%,3
https://www.moneysalary.com/fun/salary-rank,0,4,0%,3.25
https://www.moneysalary.com/salary-db/hana-securities,0,4,0%,3.75
https://www.moneysalary.com/salary-db/lg-innotek,0,4,0%,3.75
https://www.moneysalary.com/salary/111000000,0,4,0%,3.75
https://www.moneysalary.com/salary-db/hancom,0,4,0%,4
https://www.moneysalary.com/salary-db/boryung-pharmaceutical,0,4,0%,4.25
https://www.moneysalary.com/salary-db/kist,0,4,0%,4.25
https://www.moneysalary.com/salary/69000000,0,4,0%,4.25
https://www.moneysalary.com/salary-db/hanon-system,0,4,0%,4.5
https://www.moneysalary.com/global,0,4,0%,4.75
https://www.moneysalary.com/salary-db/hyundai-capital,0,4,0%,4.75
https://www.moneysalary.com/salary-db/lg-cns,0,4,0%,4.75
https://www.moneysalary.com/salary-db/kt-cloud,0,4,0%,5.25
https://www.moneysalary.com/salary-db/bc-card,0,4,0%,5.5
https://www.moneysalary.com/salary/200000000,0,4,0%,5.5
https://www.moneysalary.com/salary/37500000,0,4,0%,5.5
https://www.moneysalary.com/salary-db/hyundai-motor-securities,0,4,0%,5.75
https://www.moneysalary.com/salary-db/sm-entertainment,0,4,0%,5.75
https://www.moneysalary.com/salary/17500000,0,4,0%,5.75
https://www.moneysalary.com/salary/42900000,0,4,0%,5.75
https://www.moneysalary.com/salary/81500000,0,4,0%,5.75
https://moneysalary.com/salary/23000000,0,4,0%,6
https://www.moneysalary.com/salary/84500000,0,4,0%,6
https://www.moneysalary.com/salary-db/jusung-engineering,0,4,0%,6.25
https://www.moneysalary.com/salary-db/shinsegae,0,4,0%,6.25
https://www.moneysalary.com/en/guides/samsung-electronics-stock-2026,0,4,0%,6.5
https://www.moneysalary.com/salary-db/khnp,0,4,0%,6.75
https://www.moneysalary.com/salary/81000000,0,4,0%,6.75
https://www.moneysalary.com/salary-db/hyundai-wia,0,4,0%,7.25
https://www.moneysalary.com/salary-db/toss-viva,0,4,0%,7.25
https://www.moneysalary.com/salary/65500000,0,4,0%,7.25
https://www.moneysalary.com/salary/30000000,0,4,0%,7.5
https://www.moneysalary.com/salary-db/ligachem-bio,0,4,0%,8
https://www.moneysalary.com/salary-db/kspo,0,4,0%,8.5
https://www.moneysalary.com/salary-db/nexon,0,4,0%,9.25
https://www.moneysalary.com/salary/22000000,0,4,0%,9.5
https://www.moneysalary.com/salary-db/kexim,0,4,0%,9.75
https://www.moneysalary.com/salary-db/sk-securities,0,4,0%,12.25
https://www.moneysalary.com/salary-db/hyundai-greenfood,0,4,0%,16
https://www.moneysalary.com/salary-db/hd-ksoe,0,4,0%,19
https://www.moneysalary.com/salary-db/ey-hanyoung,0,4,0%,20.25
https://www.moneysalary.com/salary-db/visang-education,0,4,0%,27.75
https://www.moneysalary.com/salary-db/sk-networks,0,4,0%,33.75
https://www.moneysalary.com/salary-db/cj-cheiljedang,0,4,0%,35.5
https://www.moneysalary.com/job/prosecutor,0,4,0%,36.75
https://www.moneysalary.com/salary-db/etri,0,4,0%,37.5
https://www.moneysalary.com/salary-db/hyosung-tns,0,4,0%,43.25
https://www.moneysalary.com/salary-db/korea-racing-authority,0,4,0%,44.25
https://www.moneysalary.com/salary-db/compare/samsung-bioepis-vs-samsung-medison,0,4,0%,56.5
https://www.moneysalary.com/salary-db/amazon,0,3,0%,1
https://moneysalary.com/salary/65000000,0,3,0%,1.33
https://www.moneysalary.com/job/oriental-medicine-doctor,0,3,0%,2
https://www.moneysalary.com/job/pharmacist,0,3,0%,2
https://www.moneysalary.com/salary-db/exim-bank,0,3,0%,2
https://www.moneysalary.com/salary-db/kb-kookmin-card,0,3,0%,2
https://www.moneysalary.com/salary-db/lotte-chemical,0,3,0%,2
https://www.moneysalary.com/salary-db/namyang-dairy,0,3,0%,2
https://www.moneysalary.com/salary-db/seegene,0,3,0%,2
https://www.moneysalary.com/salary/90500000,0,3,0%,2
https://www.moneysalary.com/job/biotech-researcher,0,3,0%,2.33
https://www.moneysalary.com/salary-db/doosan-enerbility,0,3,0%,2.33
https://www.moneysalary.com/salary-db/knto,0,3,0%,2.33
https://www.moneysalary.com/salary-db/lotte-rental,0,3,0%,2.33
https://www.moneysalary.com/salary-db/pharmaresearch,0,3,0%,2.33
https://www.moneysalary.com/salary-db/compare/bain-korea-vs-pwc-korea,0,3,0%,2.67
https://www.moneysalary.com/salary-db/daangn,0,3,0%,2.67
https://www.moneysalary.com/salary-db/megastudy,0,3,0%,2.67
https://www.moneysalary.com/salary/21000-manwon,0,3,0%,2.67
https://www.moneysalary.com/en/salary-converter,0,3,0%,3
https://www.moneysalary.com/salary-db/nvidia,0,3,0%,3.33
https://www.moneysalary.com/salary-db/sbi-savings-bank,0,3,0%,3.33
https://www.moneysalary.com/tools/life/dutch-pay,0,3,0%,3.67
https://www.moneysalary.com/salary-db/bae-kim-lee,0,3,0%,4
https://www.moneysalary.com/salary-db/compare/dl-enc-vs-gs-enc,0,3,0%,4
https://www.moneysalary.com/salary-db/kamco,0,3,0%,4
https://www.moneysalary.com/salary/27500000,0,3,0%,4
https://www.moneysalary.com/salary-db/compare/kakaobank-vs-bithumb,0,3,0%,4.33
https://www.moneysalary.com/salary/42800000,0,3,0%,4.33
https://www.moneysalary.com/salary-db/cheil-worldwide,0,3,0%,4.67
https://www.moneysalary.com/salary-db/shinsegae-inc,0,3,0%,4.67
https://www.moneysalary.com/salary/103000000,0,3,0%,4.67
https://www.moneysalary.com/salary/6150-manwon,0,3,0%,5
https://www.moneysalary.com/region/jeju,0,3,0%,5.33
https://www.moneysalary.com/parental-leave,0,3,0%,5.67
https://www.moneysalary.com/salary-db/binggrae,0,3,0%,5.67
https://www.moneysalary.com/salary-db/compare/bcg-korea-vs-bain-korea,0,3,0%,5.67
https://www.moneysalary.com/salary-db/ibk,0,3,0%,5.67
https://www.moneysalary.com/salary-db/sk-energy,0,3,0%,5.67
https://www.moneysalary.com/salary-db/compare/bithumb-vs-toss,0,3,0%,6
https://www.moneysalary.com/salary/39500000,0,3,0%,6
https://www.moneysalary.com/job/chemical-engineer,0,3,0%,6.33
https://www.moneysalary.com/salary-db/compare/smilegate-vs-pearlabyss,0,3,0%,6.33
https://www.moneysalary.com/calc/january-bonus,0,3,0%,6.67
https://www.moneysalary.com/home-loan,0,3,0%,6.67
https://www.moneysalary.com/salary-db/ahnlab,0,3,0%,6.67
https://www.moneysalary.com/salary-db/compare/jtbc-vs-studio-dragon,0,3,0%,6.67
https://moneysalary.com/salary/15900-manwon,0,3,0%,7
https://www.moneysalary.com/industry/foreign-company,0,3,0%,7
https://www.moneysalary.com/lotto,0,3,0%,7
https://www.moneysalary.com/salary-db/kcc,0,3,0%,7
https://www.moneysalary.com/tax-changes-2026,0,3,0%,7
https://www.moneysalary.com/mbti-salary,0,3,0%,7.67
https://www.moneysalary.com/salary-db/yulchon,0,3,0%,7.67
https://www.moneysalary.com/salary/86000000,0,3,0%,8
https://www.moneysalary.com/salary-db/compare/hyundai-transys-vs-hyundai-wia,0,3,0%,8.67
https://www.moneysalary.com/salary-db/woori-card,0,3,0%,8.67
https://www.moneysalary.com/job/kindergarten-teacher,0,3,0%,9
https://moneysalary.com/salary/45000000,0,3,0%,9.33
https://www.moneysalary.com/region/yeouido,0,3,0%,9.33
https://www.moneysalary.com/salary/125000000,0,3,0%,9.33
https://www.moneysalary.com/salary-db/lg-display,0,3,0%,10
https://www.moneysalary.com/salary-db/lotte-chilsung,0,3,0%,10.33
https://www.moneysalary.com/salary-db/compare/eo-technics-vs-tckorea,0,3,0%,15.67
https://www.moneysalary.com/calc/night-shift-pay-quick,0,3,0%,16.67
https://www.moneysalary.com/salary-db/kyobo-life,0,3,0%,19.67
https://www.moneysalary.com/salary-db/compare/jusung-engineering-vs-samsung-electronics,0,3,0%,20.33
https://www.moneysalary.com/salary-db/ildong-pharmaceutical,0,3,0%,22
https://www.moneysalary.com/salary-db/hyundai-homeshopping,0,3,0%,23
https://www.moneysalary.com/salary/8000000,0,3,0%,24.67
https://www.moneysalary.com/salary-db/gc-greencross,0,3,0%,26.67
https://www.moneysalary.com/salary-db/khug,0,3,0%,27.33
https://www.moneysalary.com/job/management-consultant,0,3,0%,27.67
https://www.moneysalary.com/salary-db/compare/housing-finance-vs-depic,0,3,0%,34
https://www.moneysalary.com/salary-db/kakao-mobility,0,3,0%,44
https://www.moneysalary.com/guides/bonus-vs-incentive-vs-allowance-2026,0,3,0%,46
https://www.moneysalary.com/salary-db/compare/hyperconnect-vs-naver,0,3,0%,48.33
https://www.moneysalary.com/industry/insurance,0,3,0%,49
https://www.moneysalary.com/salary-db/compare/kb-kookmin-card-vs-hana-card,0,3,0%,61.67
https://www.moneysalary.com/job/banker,0,3,0%,66
https://www.moneysalary.com/salary-db/spc-samlip,0,2,0%,1
https://www.moneysalary.com/salary/120000000,0,2,0%,1
https://www.moneysalary.com/salary-db/kibo,0,2,0%,1.5
https://www.moneysalary.com/salary-db/kolmar,0,2,0%,1.5
https://www.moneysalary.com/dashboard,0,2,0%,2
https://www.moneysalary.com/job/logistics-manager,0,2,0%,2
https://www.moneysalary.com/job/patent-attorney,0,2,0%,2
https://www.moneysalary.com/region,0,2,0%,2
https://www.moneysalary.com/salary-db/compare/ecopro-bm-vs-lnf,0,2,0%,2
https://www.moneysalary.com/salary-db/compare/lg-chem-vs-lotte-chemical,0,2,0%,2
https://www.moneysalary.com/salary-db/compare/samsung-sdi-vs-lgensol,0,2,0%,2
https://www.moneysalary.com/salary-db/korea-south-east-power,0,2,0%,2
https://www.moneysalary.com/salary-db/lg-chem,0,2,0%,2
https://www.moneysalary.com/salary-db/sk-broadband,0,2,0%,2
https://www.moneysalary.com/salary/108000000,0,2,0%,2
https://www.moneysalary.com/salary/110000000,0,2,0%,2
https://www.moneysalary.com/salary/115000000,0,2,0%,2
https://www.moneysalary.com/region/daegu,0,2,0%,2.5
https://www.moneysalary.com/salary-db/compare/sbs-vs-cj-enm,0,2,0%,2.5
https://www.moneysalary.com/salary-db/daewoo-construction,0,2,0%,2.5
https://www.moneysalary.com/salary/31000000,0,2,0%,2.5
https://www.moneysalary.com/calc/unemployment-benefit,0,2,0%,3
https://www.moneysalary.com/salary-db/asan-medical-center,0,2,0%,3
https://www.moneysalary.com/salary-db/compare/cj-enm-vs-sm-entertainment,0,2,0%,3
https://www.moneysalary.com/salary-db/compare/doosan-robotics-vs-kitech,0,2,0%,3
https://www.moneysalary.com/salary/175000000,0,2,0%,3
https://www.moneysalary.com/salary/32500000,0,2,0%,3
https://www.moneysalary.com/salary/37000000,0,2,0%,3
https://www.moneysalary.com/salary/59500000,0,2,0%,3
https://www.moneysalary.com/salary/61800000,0,2,0%,3
https://www.moneysalary.com/salary/6980-manwon,0,2,0%,3
https://www.moneysalary.com/salary-db/compare/ls-cable-vs-keti,0,2,0%,3.5
https://www.moneysalary.com/salary-db/gs-caltex,0,2,0%,3.5
https://www.moneysalary.com/salary-db/kaeri,0,2,0%,3.5
https://www.moneysalary.com/salary/13400-manwon,0,2,0%,3.5
https://www.moneysalary.com/salary/46500000,0,2,0%,3.5
https://www.moneysalary.com/salary/58000000,0,2,0%,3.5
https://www.moneysalary.com/salary/87000000,0,2,0%,3.5
https://moneysalary.com/salary/61000000,0,2,0%,4
https://www.moneysalary.com/salary-db/netflix,0,2,0%,4
https://www.moneysalary.com/salary/3700,0,2,0%,4
https://www.moneysalary.com/salary/87500000,0,2,0%,4
https://www.moneysalary.com/calc/bmr-quick,0,2,0%,4.5
https://www.moneysalary.com/en/guides/loan-types-comparison-2026,0,2,0%,4.5
https://www.moneysalary.com/salary-db/compare/lx-semicon-vs-wonik-ips,0,2,0%,4.5
https://www.moneysalary.com/salary/33000000,0,2,0%,4.5
https://moneysalary.com/salary/53000000,0,2,0%,5
https://www.moneysalary.com/industry/healthcare,0,2,0%,5
https://www.moneysalary.com/salary-db/apple,0,2,0%,5
https://www.moneysalary.com/salary-db/compare/hyundai-enc-vs-posco-enc,0,2,0%,5
https://www.moneysalary.com/salary-db/compare/mckinsey-korea-vs-bcg-korea,0,2,0%,5
https://www.moneysalary.com/salary-db/compare/shinsegae-intl-vs-ssg-dot-com,0,2,0%,5
https://www.moneysalary.com/salary-db/compare/ytn-vs-yg-entertainment,0,2,0%,5
https://www.moneysalary.com/salary/11500000,0,2,0%,5
https://www.moneysalary.com/salary/6500000,0,2,0%,5
https://www.moneysalary.com/calc/2026-year,0,2,0%,5.5
https://www.moneysalary.com/calc/yearly-to-hourly,0,2,0%,5.5
https://www.moneysalary.com/en/guides/sk-hynix-stock-2026,0,2,0%,5.5
https://www.moneysalary.com/salary-db/compare/pwc-korea-vs-kpmg-korea,0,2,0%,5.5
https://moneysalary.com/salary/77000000,0,2,0%,6
https://www.moneysalary.com/salary-db/compare/coupang-pay-vs-naver-financial,0,2,0%,6
https://www.moneysalary.com/salary/94500000,0,2,0%,6
https://www.moneysalary.com/salary-db/compare/hd-hyundai-heavy-vs-hanwha-ocean,0,2,0%,6.5
https://www.moneysalary.com/salary-db/compare/hd-ksoe-vs-hd-hyundai-electric,0,2,0%,6.5
https://www.moneysalary.com/salary-db/compare/lgelectronics-vs-ls-cable,0,2,0%,6.5
https://www.moneysalary.com/salary-db/shift-up,0,2,0%,6.5
https://www.moneysalary.com/salary/29000000,0,2,0%,6.5
https://www.moneysalary.com/guides/overtime-night-holiday-pay-2026,0,2,0%,7
https://www.moneysalary.com/salary-db/riiid,0,2,0%,7.5
https://www.moneysalary.com/guides/semiconductor-performance-bonus-tax,0,2,0%,8
https://www.moneysalary.com/salary-db/toss-securities,0,2,0%,8
https://www.moneysalary.com/salary-db/compare/hanwha-systems-vs-lig-nex1,0,2,0%,8.5
https://www.moneysalary.com/salary-db/dentium,0,2,0%,8.5
https://www.moneysalary.com/salary-db/hanwha-galleria,0,2,0%,8.5
https://www.moneysalary.com/salary-db/zigbang,0,2,0%,8.5
https://www.moneysalary.com/salary/82500000,0,2,0%,8.5
https://www.moneysalary.com/calc/increase-decrease-percent,0,2,0%,9
https://www.moneysalary.com/job/ai-engineer,0,2,0%,9
https://www.moneysalary.com/salary-db/compare/etoos-vs-ebs-korea,0,2,0%,9
https://www.moneysalary.com/salary-db/compare/incheon-airport-vs-hmm,0,2,0%,9
https://www.moneysalary.com/salary-db/daangn-market,0,2,0%,9.5
https://www.moneysalary.com/guides/industry-best-jobs-2026,0,2,0%,10
https://www.moneysalary.com/salary-db/hanyang-university-hospital,0,2,0%,10.5
https://www.moneysalary.com/salary-db/korea-airports,0,2,0%,10.5
https://www.moneysalary.com/calc/water-bill,0,2,0%,11.5
https://www.moneysalary.com/salary-db/lotte-hotel,0,2,0%,11.5
https://www.moneysalary.com/salary-db/kbank,0,2,0%,17.5
https://www.moneysalary.com/job/mechanical-engineer,0,2,0%,18.5
https://www.moneysalary.com/salary-db/cuckoo,0,2,0%,20
https://www.moneysalary.com/salary-db/compare/megazone-cloud-vs-hyperconnect,0,2,0%,24.5
https://www.moneysalary.com/job/judge,0,2,0%,25.5
https://www.moneysalary.com/guides/public-sector-vs-private,0,2,0%,26
https://www.moneysalary.com/job/data-scientist,0,2,0%,29
https://www.moneysalary.com/salary-db/ls-mtron,0,2,0%,29
https://www.moneysalary.com/guides/first-job-salary-negotiation,0,2,0%,30
https://www.moneysalary.com/salary-db/compare/samsung-heavy-vs-doosan-bobcat,0,2,0%,30.5
https://www.moneysalary.com/salary-db/kumho-petro,0,2,0%,31.5
https://www.moneysalary.com/salary-db/medytox,0,2,0%,32
https://www.moneysalary.com/salary-db/leeno-industrial,0,2,0%,35
https://www.moneysalary.com/salary-db/compare/krafton-vs-smilegate,0,2,0%,35.5
https://www.moneysalary.com/salary-db/compare/skc-vs-hankook-tire,0,2,0%,37
https://www.moneysalary.com/salary-db/koroad,0,2,0%,40
https://www.moneysalary.com/region/seoul,0,2,0%,41.5
https://www.moneysalary.com/salary-db/compare/kia-vs-hyundai,0,2,0%,44
https://www.moneysalary.com/salary-db/compare/lig-nex1-vs-hyundai-rotem,0,2,0%,51.5
https://www.moneysalary.com/guides/job-change-salary-jump-2026,0,2,0%,70.5
https://www.moneysalary.com/salary-db/compare/google-vs-microsoft,0,2,0%,72
https://www.moneysalary.com/guides/korean-bond-investment,0,2,0%,86.5
https://moneysalary.com/salary/90000000,0,1,0%,1
https://www.moneysalary.com/fun,0,1,0%,1
https://www.moneysalary.com/guides?q=%EC%B2%AB %EC%9B%94%EA%B8%89,0,1,0%,1
https://www.moneysalary.com/salary-db/compare/sk-rent-vs-lotte-rental,0,1,0%,1
https://www.moneysalary.com/salary-db/hd-hyundai-oilbank,0,1,0%,1
https://www.moneysalary.com/salary-db/jb-financial,0,1,0%,1
https://www.moneysalary.com/salary-db/kakao-ent,0,1,0%,1
https://www.moneysalary.com/salary-db/meta,0,1,0%,1
https://www.moneysalary.com/salary-db/sungeel-hitech,0,1,0%,1
https://www.moneysalary.com/salary-db/woowabros,0,1,0%,1
https://www.moneysalary.com/salary/7000000,0,1,0%,1
https://www.moneysalary.com/salary/96000000,0,1,0%,1
https://www.moneysalary.com/tools/finance/compound,0,1,0%,1
https://www.moneysalary.com/calc/daily-pay,0,1,0%,2
https://www.moneysalary.com/calc/holiday-bonus,0,1,0%,2
https://www.moneysalary.com/calc/weekend-pay-quick,0,1,0%,2
https://www.moneysalary.com/industry/fashion-beauty,0,1,0%,2
https://www.moneysalary.com/industry/game,0,1,0%,2
https://www.moneysalary.com/region/busan,0,1,0%,2
https://www.moneysalary.com/salary-db/compare/cosmo-am-t-vs-sungeel-hitech,0,1,0%,2
https://www.moneysalary.com/salary-db/compare/hanmi-semiconductor-vs-soulbrain,0,1,0%,2
https://www.moneysalary.com/salary-db/compare/kamco-vs-khug,0,1,0%,2
https://www.moneysalary.com/salary-db/compare/kbs-vs-thepinkfong-company,0,1,0%,2
https://www.moneysalary.com/salary-db/compare/korea-sfa-vs-lg-display,0,1,0%,2
https://www.moneysalary.com/salary-db/compare/meta-vs-google,0,1,0%,2
https://www.moneysalary.com/salary-db/compare/naver-vs-kakao,0,1,0%,2
https://www.moneysalary.com/salary-db/compare/naver-webtoon-vs-lotte-data-comm,0,1,0%,2
https://www.moneysalary.com/salary-db/compare/posco-future-m-vs-sk-on,0,1,0%,2
https://www.moneysalary.com/salary-db/compare/s-oil-vs-sk-innovation,0,1,0%,2
https://www.moneysalary.com/salary-db/compare/samsung-electro-mechanics-vs-lg-innotek,0,1,0%,2
https://www.moneysalary.com/salary-db/compare/sk-biopharm-vs-yuhan,0,1,0%,2
https://www.moneysalary.com/salary-db/compare/sk-on-vs-samsung-sdi,0,1,0%,2
https://www.moneysalary.com/salary-db/compare/skiet-vs-ecopro-bm,0,1,0%,2
https://www.moneysalary.com/salary-db/compare/woowabros-vs-daangn,0,1,0%,2
https://www.moneysalary.com/salary-db/compare/yg-entertainment-vs-hybe,0,1,0%,2
https://www.moneysalary.com/salary-db/compare/zigbang-vs-lg-cns,0,1,0%,2
https://www.moneysalary.com/salary-db/gs-construction,0,1,0%,2
https://www.moneysalary.com/salary-db/hyundai-dept,0,1,0%,2
https://www.moneysalary.com/salary-db/kdhc,0,1,0%,2
https://www.moneysalary.com/salary-db/kogas,0,1,0%,2
https://www.moneysalary.com/salary-db/komsco,0,1,0%,2
https://www.moneysalary.com/salary-db/korail,0,1,0%,2
https://www.moneysalary.com/salary-db/lotte-card,0,1,0%,2
https://www.moneysalary.com/salary-db/posco-enc,0,1,0%,2
https://www.moneysalary.com/salary-db/sendbird,0,1,0%,2
https://www.moneysalary.com/salary-db/sm-ent,0,1,0%,2
https://www.moneysalary.com/salary-db/toss,0,1,0%,2
https://www.moneysalary.com/salary/56500000,0,1,0%,2
https://www.moneysalary.com/salary/75000000,0,1,0%,2
https://www.moneysalary.com/salary/91000000,0,1,0%,2
https://www.moneysalary.com/salary/96500000,0,1,0%,2
https://www.moneysalary.com/samsung-negotiation-2026,0,1,0%,2
https://moneysalary.com/salary/115000000,0,1,0%,3
https://moneysalary.com/salary/28000000,0,1,0%,3
https://www.moneysalary.com/en/guides?q=lump-sum,0,1,0%,3
https://www.moneysalary.com/fun/weekend-duty,0,1,0%,3
https://www.moneysalary.com/guides/didimdol-newborn-special-loan-2026,0,1,0%,3
https://www.moneysalary.com/guides/seeking-job-benefit-2026,0,1,0%,3
https://www.moneysalary.com/salary-db/compare/daangn-vs-yeogi,0,1,0%,3
https://www.moneysalary.com/salary-db/compare/hybe-vs-jtbc,0,1,0%,3
https://www.moneysalary.com/salary-db/compare/kpmg-korea-vs-deloitte-anjin,0,1,0%,3
https://www.moneysalary.com/salary-db/compare/lg-hellovision-vs-kbs,0,1,0%,3
https://www.moneysalary.com/salary-db/compare/lgensol-vs-skiet,0,1,0%,3
https://www.moneysalary.com/salary-db/compare/lotte-data-comm-vs-woowabros,0,1,0%,3
https://www.moneysalary.com/salary-db/compare/myrealtrip-vs-kangwon-land,0,1,0%,3
https://www.moneysalary.com/salary-db/compare/posco-future-m-vs-samsung-sdi,0,1,0%,3
https://www.moneysalary.com/salary-db/compare/samsung-biologics-vs-sk-biopharm,0,1,0%,3
https://www.moneysalary.com/salary-db/compare/samsung-cnt-vs-sk-ecoplant,0,1,0%,3
https://www.moneysalary.com/salary-db/compare/shift-up-vs-kakao-games,0,1,0%,3
https://www.moneysalary.com/salary-db/compare/sk-innovation-vs-gs-caltex,0,1,0%,3
https://www.moneysalary.com/salary-db/compare/soulbrain-vs-eo-technics,0,1,0%,3
https://www.moneysalary.com/salary-db/compare/studio-dragon-vs-lg-hellovision,0,1,0%,3
https://www.moneysalary.com/salary-db/compare/toss-viva-vs-naver-financial,0,1,0%,3
https://www.moneysalary.com/salary-db/compare/toss-vs-shinhan-card,0,1,0%,3
https://www.moneysalary.com/salary-db/hana-card,0,1,0%,3
https://www.moneysalary.com/salary-db/hanwha-ocean,0,1,0%,3
https://www.moneysalary.com/salary/13500000,0,1,0%,3
https://www.moneysalary.com/salary/89000000,0,1,0%,3
https://www.moneysalary.com/tools/finance/stock-tax,0,1,0%,3
https://www.moneysalary.com/calc/employee-cost-quick,0,1,0%,4
https://www.moneysalary.com/company/compare,0,1,0%,4
https://www.moneysalary.com/salary-db/compare/fastcampus-vs-megastudy,0,1,0%,4
https://www.moneysalary.com/salary-db/compare/hkinon-vs-seegene,0,1,0%,4
https://www.moneysalary.com/salary-db/compare/hl-mando-vs-hanon-system,0,1,0%,4
https://www.moneysalary.com/salary-db/compare/korea-zinc-vs-posco,0,1,0%,4
https://www.moneysalary.com/salary-db/compare/woori-bank-vs-kbank,0,1,0%,4
https://www.moneysalary.com/salary-db/coupang,0,1,0%,4
https://www.moneysalary.com/salary-db/posco-international,0,1,0%,4
https://www.moneysalary.com/salary-db/shin-kim,0,1,0%,4
https://www.moneysalary.com/salary/222000000,0,1,0%,4
https://www.moneysalary.com/salary/58500000,0,1,0%,4
https://moneysalary.com/salary/31000000,0,1,0%,5
https://www.moneysalary.com/calc/deposit-equivalent,0,1,0%,5
https://www.moneysalary.com/fun/salary-battle,0,1,0%,5
https://www.moneysalary.com/guides/health-insurance-2026-guide,0,1,0%,5
https://www.moneysalary.com/health-insurance-2026,0,1,0%,5
https://www.moneysalary.com/industry/chemical-energy,0,1,0%,5
https://www.moneysalary.com/region/chungnam,0,1,0%,5
https://www.moneysalary.com/salary-db/29cm,0,1,0%,5
https://www.moneysalary.com/salary-db/compare/daewoong-vs-osstem-implant,0,1,0%,5
https://www.moneysalary.com/salary-db/compare/hd-hyundai-electric-vs-hd-hyundai-mipo,0,1,0%,5
https://www.moneysalary.com/salary-db/compare/hyundai-mobis-vs-hyundai-transys,0,1,0%,5
https://www.moneysalary.com/salary-db/compare/jyp-vs-sm-ent,0,1,0%,5
https://www.moneysalary.com/salary-db/compare/korea-zinc-vs-hyundai-steel,0,1,0%,5
https://www.moneysalary.com/salary-db/compare/lg-display-vs-jusung-engineering,0,1,0%,5
https://www.moneysalary.com/salary-db/compare/lotte-chemical-vs-hanwha-solutions,0,1,0%,5
https://www.moneysalary.com/salary-db/compare/ls-mtron-vs-kist,0,1,0%,5
https://www.moneysalary.com/salary-db/compare/mirae-asset-vs-exim-bank,0,1,0%,5
https://www.moneysalary.com/salary-db/compare/nexon-vs-krafton,0,1,0%,5
https://www.moneysalary.com/salary-db/compare/posco-enc-vs-dl-enc,0,1,0%,5
https://www.moneysalary.com/salary-db/kotra,0,1,0%,5
https://www.moneysalary.com/salary-db/lg-hellovision,0,1,0%,5
https://www.moneysalary.com/salary-db/seah-steel,0,1,0%,5
https://www.moneysalary.com/salary-db/shinhan-card,0,1,0%,5
https://www.moneysalary.com/salary/40500000,0,1,0%,5
https://www.moneysalary.com/salary/42500000,0,1,0%,5
https://www.moneysalary.com/salary/68500000,0,1,0%,5
https://www.moneysalary.com/tools/date/age,0,1,0%,5
https://www.moneysalary.com/en/guides/kospi-leader-stock-strategy,0,1,0%,6
https://www.moneysalary.com/guides/personal-vs-corporation-tax-2026,0,1,0%,6
https://www.moneysalary.com/guides/unemployment-insurance-2026,0,1,0%,6
https://www.moneysalary.com/industry/pharmaceutical-biotech,0,1,0%,6
https://www.moneysalary.com/industry/unicorn-startup,0,1,0%,6
https://www.moneysalary.com/salary-db/compare/deloitte-anjin-vs-ey-hanyoung,0,1,0%,6
https://www.moneysalary.com/salary-db/compare/kcc-vs-hyosung-tnc,0,1,0%,6
https://www.moneysalary.com/salary-db/compare/lnf-vs-ecopro,0,1,0%,6
https://www.moneysalary.com/salary-db/compare/woori-card-vs-bc-card,0,1,0%,6
https://www.moneysalary.com/salary-db/etoos,0,1,0%,6
https://www.moneysalary.com/salary-db/fastcampus,0,1,0%,6
https://www.moneysalary.com/salary-db/koaca,0,1,0%,6
https://www.moneysalary.com/salary-db/lh-korea,0,1,0%,6
https://www.moneysalary.com/salary/24000000,0,1,0%,6
https://moneysalary.com/salary/67000000,0,1,0%,7
https://www.moneysalary.com/calc/incentive-tax,0,1,0%,7
https://www.moneysalary.com/company,0,1,0%,7
https://www.moneysalary.com/earned-income-credit,0,1,0%,7
https://www.moneysalary.com/guides/big-corp-vs-mid-2026,0,1,0%,7
https://www.moneysalary.com/guides/salary-bonus-calc-8step-2026,0,1,0%,7
https://www.moneysalary.com/salary-db/compare/abl-bio-vs-classys,0,1,0%,7
https://www.moneysalary.com/salary-db/compare/kepco-engineering-vs-korea-east-west-power,0,1,0%,7
https://www.moneysalary.com/salary-db/compare/nongshim-vs-kolmar-bnh,0,1,0%,7
https://www.moneysalary.com/salary/140000000,0,1,0%,7
https://www.moneysalary.com/salary/61000000,0,1,0%,7
https://www.moneysalary.com/salary/80500000,0,1,0%,7
https://moneysalary.com/salary/71000000,0,1,0%,8
https://www.moneysalary.com/calc/level-principal-payment,0,1,0%,8
https://www.moneysalary.com/calc/monthly-rent-tax-credit-quick,0,1,0%,8
https://www.moneysalary.com/en/guides,0,1,0%,8
https://www.moneysalary.com/en/guides/samsung-employee-rsu-stock,0,1,0%,8
https://www.moneysalary.com/guides/employment-insurance-detail-2026,0,1,0%,8
https://www.moneysalary.com/guides/isa-for-bonus-2026,0,1,0%,8
https://www.moneysalary.com/guides/stock-options-rsu-valuation,0,1,0%,8
https://www.moneysalary.com/job/civil-engineer,0,1,0%,8
https://www.moneysalary.com/job/electrical-engineer,0,1,0%,8
https://www.moneysalary.com/new-employee-2026,0,1,0%,8
https://www.moneysalary.com/salary-db/compare/hanyang-university-hospital-vs-hira,0,1,0%,8
https://www.moneysalary.com/salary-db/compare/ibk-vs-woori-bank,0,1,0%,8
https://www.moneysalary.com/salary-db/compare/korea-western-power-vs-korea-midland-power,0,1,0%,8
https://www.moneysalary.com/salary-db/compare/myrealtrip-vs-knto,0,1,0%,8
https://www.moneysalary.com/salary-db/compare/osstem-implant-vs-dong-a-st,0,1,0%,8
https://www.moneysalary.com/salary-db/compare/samsung-asset-vs-korea-investment,0,1,0%,8
https://www.moneysalary.com/salary-db/hanwha-qcells,0,1,0%,8
https://www.moneysalary.com/salary-db/kakao-brain,0,1,0%,8
https://www.moneysalary.com/salary-db/korea-sfa,0,1,0%,8
https://www.moneysalary.com/salary-db/wemade,0,1,0%,8
https://www.moneysalary.com/salary/32000000,0,1,0%,8
https://moneysalary.com/salary/80000000,0,1,0%,9
https://www.moneysalary.com/salary-db/compare/exim-bank-vs-housing-finance,0,1,0%,9
https://www.moneysalary.com/salary-db/hyundai-lifeway,0,1,0%,9
https://www.moneysalary.com/salary-db/kangwon-land,0,1,0%,9
https://www.moneysalary.com/salary-db/lotte-global-logistics,0,1,0%,9
https://www.moneysalary.com/salary-db/nexon-games,0,1,0%,9
https://www.moneysalary.com/salary-db/solus-advanced,0,1,0%,9
https://www.moneysalary.com/salary/38000000,0,1,0%,9
https://www.moneysalary.com/calc/child-deduction,0,1,0%,10
https://www.moneysalary.com/guides/year-end-encouragement-vs-bonus-2026,0,1,0%,10
https://www.moneysalary.com/guides?q=%EC%95%B1%EC%B6%94%EC%B2%9C,0,1,0%,10
https://www.moneysalary.com/job/counselor,0,1,0%,10
https://www.moneysalary.com/salary-db/compare/kolon-industry-vs-lf,0,1,0%,10
https://www.moneysalary.com/salary-db/compare/kt-skylife-vs-jyp-entertainment,0,1,0%,10
https://www.moneysalary.com/salary-db/hana-financial,0,1,0%,10
https://www.moneysalary.com/salary/22500000,0,1,0%,10
https://moneysalary.com/salary/185000000,0,1,0%,11
https://www.moneysalary.com/auto-tax-2026,0,1,0%,11
https://www.moneysalary.com/salary-db/compare/ls-electric-vs-k-water,0,1,0%,11
https://www.moneysalary.com/salary-db/compare/woori-financial-vs-mirae-asset,0,1,0%,11
https://www.moneysalary.com/salary/63000000,0,1,0%,11
https://www.moneysalary.com/calc/bond-yield-quick,0,1,0%,12
https://www.moneysalary.com/salary-db/krc,0,1,0%,12
https://www.moneysalary.com/salary-db/nice-credit,0,1,0%,13
https://www.moneysalary.com/salary/190000000,0,1,0%,13
https://moneysalary.com/salary/82000000,0,1,0%,16
https://www.moneysalary.com/calc/monthly-installment,0,1,0%,17
https://www.moneysalary.com/industry/travel-leisure,0,1,0%,18
https://www.moneysalary.com/salary-db/compare/kumho-petro-vs-lotte-chemical,0,1,0%,21
https://www.moneysalary.com/salary/107000000,0,1,0%,25
https://www.moneysalary.com/salary-db/compare/innocean-vs-sbs,0,1,0%,26
https://www.moneysalary.com/industry/ecommerce-retail,0,1,0%,27
https://www.moneysalary.com/salary-db/kepco-kdn,0,1,0%,28
https://www.moneysalary.com/salary-db/compare/kai-vs-snt-motiv,0,1,0%,43
https://www.moneysalary.com/salary-db/compare/microsoft-vs-naver-labs,0,1,0%,45
https://www.moneysalary.com/salary-db/hd-hyundai-infracore,0,1,0%,47
https://www.moneysalary.com/en/guides/four-major-insurance-complete,0,1,0%,49
https://www.moneysalary.com/salary-db/compare/kepco-kps-vs-kepco-kdn,0,1,0%,50
https://www.moneysalary.com/industry/defense-aerospace,0,1,0%,53
https://www.moneysalary.com/salary-db/compare/depic-vs-nice-holdings,0,1,0%,54
https://www.moneysalary.com/salary-db/compare/jwpharm-vs-il-dong-pharma,0,1,0%,56
https://www.moneysalary.com/salary-db/compare/dongjin-semichem-vs-wonik-qnc,0,1,0%,57
https://www.moneysalary.com/salary-db/compare/hankook-tire-vs-hanwha-momentum,0,1,0%,58
https://www.moneysalary.com/salary-db/compare/lotte-shopping-vs-emart,0,1,0%,59
https://www.moneysalary.com/salary-db/compare/lotte-insurance-vs-kb-insurance,0,1,0%,63
https://www.moneysalary.com/salary-db/compare/bucketplace-vs-sk-cc,0,1,0%,65
https://www.moneysalary.com/salary-db/compare/koroad-vs-kcomwel,0,1,0%,70
https://www.moneysalary.com/job/ux-ui-designer,0,1,0%,75
https://www.moneysalary.com/salary-db/compare/doosan-enerbility-vs-doosan-fuel-cell,0,1,0%,90