인기 검색어,클릭수,노출,CTR,게재 순위
머니샐러리,197,226,87.17%,1.02
money salary,16,17,94.12%,2.12
moneysalary,10,11,90.91%,2.27
삼성 성과급 계산기,4,9,44.44%,14.11
삼성 보너스 계산기,3,6,50%,3.5
삼성전자 성과급 계산기,2,6,33.33%,12.33
삼성전자 성과급 시뮬레이터,2,2,100%,11
삼성 전자 성과급 계산기 사이트,1,3,33.33%,8.67
sk ax 연봉,1,3,33.33%,35.33
삼성메디슨 연봉,1,3,33.33%,55.33
삼성전자 성과급계산기,1,2,50%,12.5
삼성 성과급 시뮬레이터 링크,1,2,50%,16.5
중부발전 연봉,1,2,50%,59
경제적 자유 계산기,1,1,100%,14
삼성전자 성과급 계산,1,1,100%,16
베스핀글로벌 연봉,1,1,100%,27
마이리얼트립 초봉,1,1,100%,28
메리츠증권 연봉 블라인드,1,1,100%,32
한화손해보험 초봉,1,1,100%,39
sk 에코플랜트 성과급,1,1,100%,41
휴젤 초봉,1,1,100%,49
kb증권 연봉계약직,1,1,100%,54
한화파워 초봉,1,1,100%,54
삼양식품 연봉,1,1,100%,60
삼성글로벌리서치 박사 연봉,1,1,100%,65
한미약품 r&d 연봉,1,1,100%,77
농심 성과급,1,1,100%,79
삼성생명 연봉,1,1,100%,117
삼성서울병원 복지,1,1,100%,119
알리오 한국자산관리공사 복리후생 국민연금,0,4,0%,11
sk 이노베이션 연봉,0,4,0%,50.5
연봉 검색,0,4,0%,57.75
펀드매니저 전망,0,3,0%,1
빅4 컨설팅 연봉,0,3,0%,36.33
cj enm 연봉,0,3,0%,44.33
oci 연봉,0,3,0%,46.67
sk c&c 연봉,0,3,0%,47
현대 엔지니어링 연봉,0,3,0%,49
삼정kpmg 컨설턴트 연봉,0,3,0%,50.67
기업 연봉 정보,0,3,0%,73.33
금융권 연봉,0,3,0%,83.33
물리치료사 평균연봉,0,2,0%,9.5
삼전 성과급 계산기,0,2,0%,13
삼성 성과급 시뮬레이터,0,2,0%,15
직업 별 연봉,0,2,0%,20
lg유플러스 초봉,0,2,0%,28
롯데마트 연봉,0,2,0%,28
컬리 연봉,0,2,0%,29
코스맥스 초봉,0,2,0%,29
keti 박사 연봉,0,2,0%,31.5
pwc 컨설팅 연봉 테이블,0,2,0%,32.5
올리브영 매장 직 연봉,0,2,0%,32.5
올리브영 점장 연봉,0,2,0%,34.5
몰로코 연봉,0,2,0%,36.5
한진 연봉,0,2,0%,38
bgf 리테일 초봉,0,2,0%,39
경영컨설턴트 연봉,0,2,0%,39.5
bgf 리테일 연봉,0,2,0%,41
네이버 클라우드 연봉,0,2,0%,42.5
딜로이트 연봉 테이블,0,2,0%,42.5
건강보험심사평가원 연봉,0,2,0%,43.5
회계사 평균연봉,0,2,0%,44
딜로이트 컨설팅 연봉,0,2,0%,46
pwc 연봉,0,2,0%,48
삼양 식품 연봉,0,2,0%,53.5
한샘 연봉,0,2,0%,54
마케터 연봉,0,2,0%,54.5
bnk시스템 초봉,0,2,0%,55
삼성 엔지니어링 연봉,0,2,0%,55
한국 마사회 연봉,0,2,0%,57
효성 tns,0,2,0%,57.5
효성중공업 성과급,0,2,0%,58
하이트 진로 연봉,0,2,0%,59
현대오토에버 개발자 연봉,0,2,0%,59
두나무 신입 연봉,0,2,0%,60
셀트리온 성과급,0,2,0%,61
콜마비앤에이치 연봉,0,2,0%,65
mbc 연봉,0,2,0%,67.5
검사 월급,0,2,0%,70
세후 계산기,0,2,0%,70
현대건설 복지,0,2,0%,71
급여계산기,0,2,0%,72.5
월급계산기,0,2,0%,72.5
salary,0,2,0%,74.5
회계법인 연봉,0,2,0%,75
메리츠증권 연봉,0,2,0%,78
국채 투자,0,2,0%,86.5
급여 계산기,0,2,0%,87
연봉계산기,0,2,0%,90
salary money,0,1,0%,4
ssg salary,0,1,0%,10
물리치료사 급여,0,1,0%,12
sk이노베이션 연봉,0,1,0%,13
삼성서울병원 행정직 연봉,0,1,0%,13
삼성 전자 성과급 계산기,0,1,0%,14
설계사 연봉,0,1,0%,14
펀드매니저 연봉,0,1,0%,14
공인 회계사 연봉,0,1,0%,15
현대중공업 생산직 연봉,0,1,0%,16
기계공학자 연봉,0,1,0%,17
할부 수수료 계산기,0,1,0%,17
현대 위아 초봉,0,1,0%,17
lg 유플러스 초봉,0,1,0%,18
gs건설 연봉,0,1,0%,19
gc 녹십자 연봉,0,1,0%,20
기계 엔지니어 연봉,0,1,0%,20
두산밥캣 연봉,0,1,0%,20
컴투스 연봉 테이블,0,1,0%,20
한국공항공사 연봉,0,1,0%,20
한국전자기술연구원 계약직 연봉,0,1,0%,21
lg생활건강 연봉,0,1,0%,22
미국 공인중개사 연봉,0,1,0%,22
삼양 연봉,0,1,0%,22
한화생명금융서비스 연봉,0,1,0%,22
롯데칠성 연봉,0,1,0%,23
한미약품 연봉,0,1,0%,23
삼성 리서치 연봉,0,1,0%,24
ey한영 인턴 월급,0,1,0%,28
비상교육 초봉,0,1,0%,28
원익ips 연봉,0,1,0%,28
sk바이오사이언스 연봉 블라인드,0,1,0%,29
공인중개사 초봉,0,1,0%,29
에센코어 연봉,0,1,0%,29
쿠쿠홀딩스 연봉,0,1,0%,29
클래시스 연봉,0,1,0%,29
sk ax 연봉 블라인드,0,1,0%,30
엘앤에프 연봉,0,1,0%,30
올리브영 캡틴 연봉,0,1,0%,30
메가존클라우드 초봉,0,1,0%,31
sk증권 연봉,0,1,0%,32
컨설팅 연봉,0,1,0%,32
sk 주식회사 ax 연봉,0,1,0%,33
올리브영 점장 월급,0,1,0%,33
실수령 800,0,1,0%,34
hmm 초봉,0,1,0%,35
keti 연봉,0,1,0%,35
money mart salary,0,1,0%,35
sk매직 연봉,0,1,0%,35
네패스 대졸 초봉,0,1,0%,35
비상교육 연봉,0,1,0%,35
lx세미콘 연봉,0,1,0%,36
자동차 엔지니어 연봉,0,1,0%,37
devops 연봉,0,1,0%,38
메가존 클라우드 신입 연봉,0,1,0%,38
hl만도 연봉,0,1,0%,39
만도 초봉,0,1,0%,39
메가존 연봉,0,1,0%,39
삼성서울병원 사무직 연봉,0,1,0%,39
한화생명 연봉,0,1,0%,39
ey컨설팅 연봉,0,1,0%,40
hl 만도 연봉,0,1,0%,40
kai 연봉,0,1,0%,40
sk ax 초봉,0,1,0%,40
롯데정보통신 연봉,0,1,0%,40
쏘카 초봉,0,1,0%,40
kpmg 연봉,0,1,0%,41
공인중개사수입,0,1,0%,41
동원그룹 연봉,0,1,0%,41
두산 밥캣 연봉,0,1,0%,41
만도 연봉,0,1,0%,41
삼성전자 초봉 영끌,0,1,0%,41
스타벅스 본사 연봉,0,1,0%,41
회계사 월급,0,1,0%,41
hmm 연봉,0,1,0%,42
pwc컨설팅 연봉,0,1,0%,42
sk c&c 초봉,0,1,0%,42
메가존 클라우드 연봉,0,1,0%,42
삼성전자 cl3,0,1,0%,42
하이퍼커넥트 연봉,0,1,0%,42
현대엔지니어링 연봉,0,1,0%,42
회계법인 컨설턴트 연봉,0,1,0%,42
hdc현대ep 연봉,0,1,0%,43
keti 석사 연봉,0,1,0%,43
sk에코플랜트 연봉,0,1,0%,43
삼성 중공업 연봉,0,1,0%,43
카이 연봉,0,1,0%,43
kai 초봉,0,1,0%,44
맥킨지 코리아 연봉,0,1,0%,44
오늘의 집 연봉,0,1,0%,44
lx세미콘 초봉,0,1,0%,45
마이크로소프트 연봉,0,1,0%,45
스포츠마케터 연봉,0,1,0%,45
한화시스템 연봉 테이블,0,1,0%,45
현대 기아 연봉 차이,0,1,0%,45
현대건설 현대엔지니어링 차이,0,1,0%,45
공기업 사기업,0,1,0%,46
교보생명 연봉,0,1,0%,46
컬리 인센,0,1,0%,46
현대로템 성과급,0,1,0%,46
휴온스 연봉,0,1,0%,46
lx 세미콘 연봉,0,1,0%,47
메가존 클라우드 초봉,0,1,0%,47
에스티젠바이오 초봉,0,1,0%,47
한국투자공사 5급 연봉,0,1,0%,47
bcg 초봉,0,1,0%,48
bcg 연봉,0,1,0%,49
ls 엠트론 연봉,0,1,0%,49
대법원장 연봉,0,1,0%,49
마이리얼트립 연봉,0,1,0%,49
에트리 연봉,0,1,0%,49
한화손해보험 연봉,0,1,0%,49
휴젤 연봉,0,1,0%,49
etri 연봉,0,1,0%,50
sk에너지 연봉,0,1,0%,50
네오위즈 복지,0,1,0%,50
두나무 초봉,0,1,0%,50
삼성 메디슨 연봉,0,1,0%,50
세후 월급 계산기,0,1,0%,50
에트 리 연봉,0,1,0%,50
웹젠 연봉,0,1,0%,50
주금공 연봉,0,1,0%,50
주성엔지니어링 초봉,0,1,0%,50
한전kdn 한전 차이,0,1,0%,50
녹십자 연봉,0,1,0%,51
삼성 sdi 박사 연봉,0,1,0%,51
삼양식품 초봉,0,1,0%,51
쏘카 연봉,0,1,0%,51
한국교통안전공단 연봉,0,1,0%,51
한국생산기술연구원 연봉,0,1,0%,51
더존비즈온 연봉,0,1,0%,52
한화투자증권 연봉,0,1,0%,52
효성티앤씨 연봉,0,1,0%,52
방산업체 연봉,0,1,0%,53
은행원 초봉,0,1,0%,53
한화 시스템 초봉,0,1,0%,53
효성 초봉,0,1,0%,53
대웅제약 연봉,0,1,0%,54
삼성엔지니어링 연봉,0,1,0%,54
은행 창구 직원 연봉,0,1,0%,54
한국투자신탁운용 연봉,0,1,0%,54
근로복지공단 간호사 연봉,0,1,0%,55
메디톡스 연봉,0,1,0%,55
삼성글로벌리서치 연봉,0,1,0%,55
웹젠 qa 연봉,0,1,0%,55
현대오일뱅크 연봉,0,1,0%,55
회계사 연봉 테이블,0,1,0%,55
효성tns,0,1,0%,55
데이터 사이언티스트 연봉,0,1,0%,56
딜로이트 연봉,0,1,0%,56
일동제약 연봉,0,1,0%,56
현대오토에버 신입 연봉,0,1,0%,56
cj 초봉,0,1,0%,57
종근당 연봉,0,1,0%,57
하이트진로 연봉,0,1,0%,57
삼정kpmg 연봉,0,1,0%,58
이마트 연봉,0,1,0%,58
테슬라 코리아 연봉,0,1,0%,58
한국 타이어 연봉,0,1,0%,58
설계사 순위,0,1,0%,59
회계사 연봉테이블,0,1,0%,59
hd현대일렉트릭 연봉,0,1,0%,60
cj대한통운 건설부문 연봉,0,1,0%,61
db손해보험 연봉,0,1,0%,61
gs 건설 연봉,0,1,0%,61
jtbc 연봉,0,1,0%,61
네오위즈 연봉,0,1,0%,61
데브시스터즈 연봉,0,1,0%,62
유진투자증권 연봉,0,1,0%,62
키움증권 연봉,0,1,0%,62
sbi저축은행 연봉,0,1,0%,63
신세계 연봉,0,1,0%,63
한화 시스템 복지,0,1,0%,63
현대 트랜 시스 연봉,0,1,0%,63
한국타이어 성과급,0,1,0%,64
맥킨지 코리아 스펙,0,1,0%,65
연봉 계산기,0,1,0%,65
월 600 연봉,0,1,0%,65
카카오모빌리티 복지,0,1,0%,65
한국투자공사 초봉,0,1,0%,65
급여 세금 계산기,0,1,0%,66
성과급 인센티브 차이,0,1,0%,67
현대백화점 연봉,0,1,0%,67
db 하이텍 연봉,0,1,0%,68
인센티브 성과급 차이,0,1,0%,68
크래프톤 ai 연봉,0,1,0%,69
cj 연봉,0,1,0%,70
종근당 초봉,0,1,0%,70
메리츠증권 초봉,0,1,0%,71
카카오페이증권 연봉,0,1,0%,72
마이크로소프트 구글,0,1,0%,73
3부 이자,0,1,0%,74
급여 계산,0,1,0%,74
웹 ui ux 비용,0,1,0%,75
이직 연봉 인상률,0,1,0%,76
네이버 월급,0,1,0%,78
lg에너지솔루션 성과급,0,1,0%,79
서울 평균연봉,0,1,0%,79
급여 테이블,0,1,0%,80
엔씨소프트 연봉,0,1,0%,81
how much does jyp pay their idols,0,1,0%,82
삼성sdi 성과급,0,1,0%,83
두나무 평균연봉,0,1,0%,84
현대중공업 성과급,0,1,0%,86
google 社員 年収,0,1,0%,88
두산 지주 연봉,0,1,0%,90
은행원 평균 연봉,0,1,0%,91
sk가스 성과급,0,1,0%,95
유니콘 쿠팡 미리보기,0,1,0%,104